<?xml version="1.0" encoding="UTF-8"?>
<metadata xml:lang="cs"><Esri><CreaDate>20230919</CreaDate><CreaTime>13454900</CreaTime><ArcGISFormat>1.0</ArcGISFormat><SyncOnce>TRUE</SyncOnce><DataProperties><lineage><Process ToolSource="c:\program files\arcgis\pro\Resources\ArcToolbox\Toolboxes\Data Management Tools.tbx\DeleteField" Date="20230919" Time="134549">DeleteField MAP_MESTSKECASTI_P ID_POSKYT "Delete Fields"</Process><Process ToolSource="c:\program files\arcgis\pro\Resources\ArcToolbox\Toolboxes\Data Management Tools.tbx\DeleteField" Date="20230919" Time="134555">DeleteField MAP_MESTSKECASTI_P STAV_ZMENA "Delete Fields"</Process><Process ToolSource="c:\program files\arcgis\pro\Resources\ArcToolbox\Toolboxes\Data Management Tools.tbx\DeleteField" Date="20230919" Time="134601">DeleteField MAP_MESTSKECASTI_P POSKYT "Delete Fields"</Process><Process ToolSource="c:\program files\arcgis\pro\Resources\ArcToolbox\Toolboxes\Data Management Tools.tbx\DeleteField" Date="20230919" Time="134605">DeleteField MAP_MESTSKECASTI_P TID_TMMEST "Delete Fields"</Process></lineage></DataProperties></Esri></metadata>
